{"cameraMode":{"drawMode":0,"name":"Shaded","section":"Shading Mode"},"sceneLighting":true,"audioPlay":false,"sceneViewState":{"m_AlwaysRefresh":false,"showFog":true,"showSkybox":true,"showFlares":true,"showImageEffects":true,"showParticleSystems":true,"showVisualEffectGraphs":true,"m_FxEnabled":true},"in2DMode":false,"pivot":{"x":6.386455535888672,"y":4.949999809265137,"z":-2.202451467514038},"rotation":{"x":-0.04229411110281944,"y":-0.011392418295145035,"z":0.00048156557022593915,"w":-0.9990395307540894},"size":3.542027473449707,"orthographic":true}