{"cameraMode":{"drawMode":0,"name":"Shaded","section":"Shading Mode"},"sceneLighting":true,"audioPlay":false,"sceneViewState":{"m_AlwaysRefresh":false,"showFog":true,"showSkybox":true,"showFlares":true,"showImageEffects":true,"showParticleSystems":true,"showVisualEffectGraphs":true,"m_FxEnabled":true},"in2DMode":false,"pivot":{"x":-0.9193704724311829,"y":-0.057628754526376727,"z":-0.6967898607254028},"rotation":{"x":-0.04229411110281944,"y":-0.011392418295145035,"z":0.00048156557022593915,"w":-0.9990395307540894},"size":11.04281234741211,"orthographic":true}