{"cameraMode":{"drawMode":0,"name":"Shaded","section":"Shading Mode"},"sceneLighting":false,"audioPlay":false,"sceneViewState":{"m_AlwaysRefresh":false,"showFog":true,"showSkybox":false,"showFlares":true,"showImageEffects":true,"showParticleSystems":true,"showVisualEffectGraphs":true,"m_FxEnabled":true},"in2DMode":false,"pivot":{"x":-0.9193704128265381,"y":-0.057628750801086429,"z":-0.6967898607254028},"rotation":{"x":-0.04229411110281944,"y":-0.011392418295145035,"z":0.00048156557022593915,"w":-0.9990395307540894},"size":1.7106071710586548,"orthographic":true}